,Name,Link
0,Organism Shewanella colwelliana has 3467 proteins with network connections.,overview.23.html
1,Organism Archangium gephyra has 6493 proteins with network connections.,overview.48.html
2,Organism Chondromyces crocatus has 5387 proteins with network connections.,overview.52.html
3,Organism Nannocystis exedens has 5341 proteins with network connections.,overview.54.html
4,Organism Lysobacter enzymogenes has 3851 proteins with network connections.,overview.69.html
5,Organism Borrelia hermsii has 718 proteins with network connections.,overview.140.html
6,Organism Treponema phagedenis has 2082 proteins with network connections.,overview.162.html
7,Organism Treponema bryantii has 2151 proteins with network connections.,overview.163.html
8,Organism Leptonema illini has 2459 proteins with network connections.,overview.183.html
9,Organism Azospirillum brasilense has 2281 proteins with network connections.,overview.192.html
